Stephen Kinnock	Labour Party	Aberavon	http://www.stephenkinnock.co.uk/	http://www.stephenkinnock.co.uk/press_releases_and_articles.rss	
Guto Bebb	Conservative and Unionist Party	Aberconwy	https://www.gutobebb.org.uk/	https://www.gutobebb.org.uk/news/feed	
Kirsty Blackman	Scottish National Party (SNP)	Aberdeen North			
Ross Thomson	Conservative and Unionist Party	Aberdeen South	http://rossthomson.net/	http://rossthomson.net/content/?feed=atom	
Neil Gray	Scottish National Party (SNP)	Airdrie and Shotts			
Leo Docherty	Conservative and Unionist Party	Aldershot			
Wendy Morton	Conservative and Unionist Party	Aldridge-Brownhills	http://wendymorton.co.uk/	http://wendymorton.co.uk/feed/	
Graham Brady	Conservative and Unionist Party	Altrincham and Sale West	http://www.grahambradymp.co.uk/		
Mark Tami	Labour Party	Alyn and Deeside	http://www.marktami.co.uk/	http://www.marktami.co.uk/feed/	
Nigel Mills	Conservative and Unionist Party	Amber Valley	http://www.nigelmillsmp.com/	http://www.nigelmillsmp.com/feed/atom/	
Kirstene Hair	Conservative and Unionist Party	Angus			
Hywel Williams	Plaid Cymru - The Party of Wales	Arfon	http://www.hywelwilliams.org/		
Brendan O'Hara	Scottish National Party (SNP)	Argyll and Bute	http://www.brendanoharamp.scot/	http://www.brendanoharamp.scot/feed/	
Nick Herbert	Conservative and Unionist Party	Arundel and South Downs	http://www.nickherbert.com/	http://feeds.feedburner.com/NickHerbertNewsAndBlog	
Gloria De Piero	Labour Party	Ashfield	http://www.gloria-de-piero.co.uk/	http://www.gloria-de-piero.co.uk/feed/	
Damian Green	Conservative and Unionist Party	Ashford	http://www.damiangreen.co.uk/	https://www.damiangreen.co.uk/news/feed	
Angela Rayner	Labour Party	Ashton-under-Lyne	http://www.angelarayner.com/	http://www.angelarayner.com/news_blog.rss	
David Lidington	Conservative and Unionist Party	Aylesbury	http://www.davidlidington.com		
Bill Grant	Conservative and Unionist Party	Ayr, Carrick and Cumnock			
Victoria Prentis	Conservative and Unionist Party	Banbury	http://victoriaprentis.com/	http://victoriaprentis.com/feed/	
David Duguid	Conservative and Unionist Party	Banff and Buchan			
Margaret Hodge	Labour Party	Barking	http://margaret-hodge.co.uk/	http://margaret-hodge.co.uk/feed/	
Dan Jarvis	Labour Party	Barnsley Central	http://www.danjarvis2015.com/		
Stephanie Peacock	Labour Party	Barnsley East	http://www.stephaniepeacock.co.uk/		
John Woodcock	Labour and Co-operative Party	Barrow and Furness	http://www.johnwoodcock.org/		
John Baron	Conservative and Unionist Party	Basildon and Billericay	http://www.johnbaron.co.uk/		
Maria Miller	Conservative and Unionist Party	Basingstoke			
John Mann	Labour Party	Bassetlaw	http://www.mann4bassetlaw.com/		
Wera Hobhouse	Liberal Democrats	Bath	https://www.bathlibdems.org.uk		
Tracy Brabin	Labour and Co-operative Party	Batley and Spen	https://tracy4batleyandspen.com/	https://tracybrabinmp.com/feed/	
Marsha de Cordova	Labour Party	Battersea			
Dominic Grieve	Conservative and Unionist Party	Beaconsfield	http://www.dominicgrieve.org.uk/		
Bob Stewart	Conservative and Unionist Party	Beckenham			
Mohammad Yasin	Labour Party	Bedford			
Gavin Robinson	Democratic Unionist Party - D.U.P.	Belfast East			
Nigel Dodds	Democratic Unionist Party - D.U.P.	Belfast North	http://www.nigeldodds.co.uk/		
Emma Little-Pengelly	Democratic Unionist Party - D.U.P.	Belfast South			
Paul Maskey	Sinn Féin	Belfast West			
Neil Coyle	Labour Party	Bermondsey and Old Southwark	http://www.neilcoyle.org.uk/		
Anne-Marie Trevelyan	Conservative and Unionist Party	Berwick-upon-Tweed	https://www.teamtrevelyan.co.uk/		
John Lamont	Conservative and Unionist Party	Berwickshire, Roxburgh and Selkirk	http://www.johnlamont.org/		
Rushanara Ali	Labour Party	Bethnal Green and Bow	http://www.rushanaraali.org/		
Graham Stuart	Conservative and Unionist Party	Beverley and Holderness	http://www.grahamstuart.com/		
Huw Merriman	Conservative and Unionist Party	Bexhill and Battle	http://www.huwmerriman.com/		
David Evennett	Conservative and Unionist Party	Bexleyheath and Crayford	http://bexleyheathandcrayford.com/		
Frank Field	Labour Party	Birkenhead	http://www.frankfield.com/		
Preet Gill	Labour and Co-operative Party	Birmingham, Edgbaston	http://www.preetkaurgill.com/	http://preetkaurgill.com/feed/	
Jack Dromey	Labour Party	Birmingham, Erdington	http://www.jackdromey.org/		
Roger Godsiff	Labour Party	Birmingham, Hall Green			
Liam Byrne	Labour Party	Birmingham, Hodge Hill	http://liambyrne.co.uk/	http://liambyrne.co.uk/feed/	
Shabana Mahmood	Labour Party	Birmingham, Ladywood	http://www.shabanamahmood.org/		
Richard Burden	Labour Party	Birmingham, Northfield	http://richardburden.com/	http://richardburden.com/feed/	
Khalid Mahmood	Labour Party	Birmingham, Perry Barr			
Steve McCabe	Labour Party	Birmingham, Selly Oak	http://www.stevemccabe.org	http://www.stevemccabe.org/rss.xml	
Jess Phillips	Labour Party	Birmingham, Yardley	http://www.jessphillips.org/		
Helen Goodman	Labour Party	Bishop Auckland			
Kate Hollern	Labour Party	Blackburn	http://kateforblackburn.org.uk/		
Graham Stringer	Labour Party	Blackley and Broughton	http://www.labour.org.uk/people/detail/graham-stringer		
Paul Maynard	Conservative and Unionist Party	Blackpool North and Cleveleys	http://paulmaynard.co.uk/		
Gordon Marsden	Labour Party	Blackpool South			
Nick Smith	Labour Party	Blaenau Gwent	http://www.nicksmithmp.com/		
Liz Twist	Labour Party	Blaydon			
Ronnie Campbell	Labour Party	Blyth Valley	http://www.blythvalleylabour.org/		
Nick Gibb	Conservative and Unionist Party	Bognor Regis and Littlehampton	http://www.nickgibb.org.uk/		
Dennis Skinner	Labour Party	Bolsover			
David Crausby	Labour Party	Bolton North East	http://www.davidcrausby.co.uk/		
Yasmin Qureshi	Labour Party	Bolton South East	http://yasminqureshi.org.uk/	http://www.yasminqureshi.org.uk/bolton.rss	
Chris Green	Conservative and Unionist Party	Bolton West	http://chris-green.org.uk/		
Peter Dowd	Labour Party	Bootle			
Matt Warman	Conservative and Unionist Party	Boston and Skegness	http://www.mattwarman.net/	http://www.mattwarman.co.uk/feed/	
David Tredinnick	Conservative and Unionist Party	Bosworth	http://www.davidtredinnickmp.com/		
Tobias Ellwood	Conservative and Unionist Party	Bournemouth East	http://www.tobiasellwood.com/		
Conor Burns	Conservative and Unionist Party	Bournemouth West	http://www.conorburns.com/		
Phillip Lee	Conservative and Unionist Party	Bracknell			
Imran Hussain	Labour Party	Bradford East	http://www.imranhussain.org.uk/		
Judith Cummins	Labour Party	Bradford South	http://www.judithcummins.org.uk/	http://judithcummins.org.uk/feed/	
Naseem Shah	Labour Party	Bradford West	http://www.nazshah.org.uk/		
James Cleverly	Conservative and Unionist Party	Braintree	http://www.cleverly4braintree.com/	http://www.cleverly4braintree.com/home.rss	
Chris Davies	Conservative and Unionist Party	Brecon and Radnorshire	http://chrisdavies.org.uk/		
Dawn Butler	Labour Party	Brent Central	http://www.dawnbutler.org.uk/		
Barry Gardiner	Labour Party	Brent North	http://www.barrygardiner.com/		
Ruth Cadbury	Labour Party	Brentford and Isleworth	http://www.ruthcadbury.org.uk/		
Alex Burghart	Conservative and Unionist Party	Brentwood and Ongar			
Madeleine Moon	Labour Party	Bridgend	http://www.madeleinemoonmp.com/		
Ian Liddell-Grainger	Conservative and Unionist Party	Bridgwater and West Somerset	http://liddellgrainger.org.uk/		
Andrew Percy	Conservative and Unionist Party	Brigg and Goole	http://www.andrewpercy.org/		
Lloyd Russell-Moyle	Labour and Co-operative Party	Brighton, Kemptown	http://russell-moyle.co.uk/blog/	http://russell-moyle.co.uk/blog/?feed=rss2	
Caroline Lucas	Green Party	Brighton, Pavilion	http://www.carolinelucas.com/		
Kerry McCarthy	Labour Party	Bristol East	http://www.kerrymccarthymp.org/		
Darren Jones	Labour Party	Bristol North West	http://www.darren-jones.co.uk/		
Karin Smyth	Labour Party	Bristol South	http://www.karinsmyth.com/	http://karinsmyth.com/feed/	
Thangam Debbonaire	Labour Party	Bristol West	http://www.debbonaire.co.uk/		
Keith Simpson	Conservative and Unionist Party	Broadland	http://www.keithsimpson.com/	http://www.keithsimpson.com/rss.xml	
Bob Neill	Conservative and Unionist Party	Bromley and Chislehurst	http://www.bobneillmp.co.uk/		
Sajid Javid	Conservative and Unionist Party	Bromsgrove	http://www.sajidjavid.com/		
Charles Walker	Conservative and Unionist Party	Broxbourne	http://www.charleswalker.org/	http://www.charleswalker.org/rss.xml	
Anna Soubry	Conservative and Unionist Party	Broxtowe	http://www.annasoubry.org.uk/		
John Bercow	Speaker seeking re-election	Buckingham	http://bercow4buckingham.org/	http://bercow4buckingham.org/feed/	
Julie Cooper	Labour Party	Burnley			
Andrew Griffiths	Conservative and Unionist Party	Burton			
James Frith	Labour Party	Bury North	http://www.james4burynorth.com/		
Ivan Lewis	Labour Party	Bury South	http://www.ivanlewis.org.uk/	http://www.burysouthlabour.co.uk/feed/	
Jo Churchill	Conservative and Unionist Party	Bury St Edmunds	http://www.jochurchill.org.uk/		
Wayne David	Labour Party	Caerphilly	http://www.waynedavid.co.uk/		
Jamie Stone	Liberal Democrats	Caithness, Sutherland and Easter Ross			
Craig Whittaker	Conservative and Unionist Party	Calder Valley	http://www.whittaker4mp.co.uk/		
Harriet Harman	Labour Party	Camberwell and Peckham	http://www.harrietharman.org/		
George Eustice	Conservative and Unionist Party	Camborne and Redruth	http://www.georgeeustice.org.uk/		
Daniel Zeichner	Labour Party	Cambridge	http://www.danielzeichner.co.uk/		
Amanda Milling	Conservative and Unionist Party	Cannock Chase	http://www.amandamilling.com/		
Rosie Duffield	Labour Party	Canterbury			
Jo Stevens	Labour Party	Cardiff Central	http://www.jostevens.co.uk/		
Anna McMorrin	Labour Party	Cardiff North	http://www.llais.wales/		
Stephen Doughty	Labour and Co-operative Party	Cardiff South and Penarth	http://www.stephendoughty.org.uk/	http://www.stephendoughty.org.uk/feed/	
Kevin Brennan	Labour Party	Cardiff West			
John Stevenson	Conservative and Unionist Party	Carlisle			
Jonathan Edwards	Plaid Cymru - The Party of Wales	Carmarthen East and Dinefwr	http://www.jonathanedwards.org.uk/		
Simon Hart	Conservative and Unionist Party	Carmarthen West and South Pembrokeshire	http://www.simon-hart.com/		
Tom Brake	Liberal Democrats	Carshalton and Wallington	http://www.tombrake.co.uk/		
Rebecca Harris	Conservative and Unionist Party	Castle Point	http://www.rebeccaharris.org/		
Philippa Whitford	Scottish National Party (SNP)	Central Ayrshire	http://whitford.scot/	https://whitford.scot/feed/	
Mel Stride	Conservative and Unionist Party	Central Devon	http://www.melstridemp.com/		
Daniel Poulter	Conservative and Unionist Party	Central Suffolk and North Ipswich	http://www.drdanielpoulter.com/		
Ben Lake	Plaid Cymru - The Party of Wales	Ceredigion			
Edward Argar	Conservative and Unionist Party	Charnwood			
Tracey Crouch	Conservative and Unionist Party	Chatham and Aylesford	http://www.traceycrouch.org/		
Mary Robinson	Conservative and Unionist Party	Cheadle	http://www.mary-robinson.org.uk/		
Vicky Ford	Conservative and Unionist Party	Chelmsford	http://www.vickyford.uk/		
Greg Hands	Conservative and Unionist Party	Chelsea and Fulham	http://www.greghands.com/		
Alex Chalk	Conservative and Unionist Party	Cheltenham	http://www.alexchalk.com/		
Cheryl Gillan	Conservative and Unionist Party	Chesham and Amersham	http://www.cherylgillan.co.uk/		
Toby Perkins	Labour Party	Chesterfield	http://www.tobyperkins.org.uk/	http://feeds.feedburner.com/tobyperkinsmp	
Gillian Keegan	Conservative and Unionist Party	Chichester	http://www.gilliankeegan.com/		
Iain Duncan Smith	Conservative and Unionist Party	Chingford and Woodford Green			
Michelle Donelan	Conservative and Unionist Party	Chippenham	http://michelledonelan.co.uk/	https://michelledonelan.co.uk/feed/	
Theresa Villiers	Conservative and Unionist Party	Chipping Barnet	http://www.theresavilliers.co.uk/		
Lindsay Hoyle	Labour Party	Chorley			
Christopher Chope	Conservative and Unionist Party	Christchurch	http://www.christchurchconservatives.com/person/christopher-chope-obe-mp		
Mark Field	Conservative and Unionist Party	Cities of London and Westminster	http://www.markfieldmp.com/	http://markfieldmp.com/home/feed/	
Chris Matheson	Labour Party	City of Chester	http://www.chrismatheson.co.uk/		
Roberta Blackman-Woods	Labour Party	City of Durham	http://www.roberta.org.uk/		
Giles Watling	Conservative and Unionist Party	Clacton	http://www.watling4clacton.co.uk/		
Martin Vickers	Conservative and Unionist Party	Cleethorpes	http://www.martinvickers.org.uk/		
Susan Elan Jones	Labour Party	Clwyd South	http://www.susanelanjones.co.uk/	http://www.susanelanjones.co.uk/feed/	
David Jones	Conservative and Unionist Party	Clwyd West	http://www.davidjones-mp.com/		
Hugh Gaffney	Labour Party	Coatbridge, Chryston and Bellshill			
Will Quince	Conservative and Unionist Party	Colchester	https://www.willquince.com/		
Thelma Walker	Labour Party	Colne Valley	http://www.thelmawalker4cv.co.uk		
Fiona Bruce	Conservative and Unionist Party	Congleton	http://www.fionabruce.org.uk/		
Trudy Harrison	Conservative and Unionist Party	Copeland	https://www.trudyharrison.co.uk/		
Tom Pursglove	Conservative and Unionist Party	Corby	http://www.votepursglove.co.uk/		
Colleen Fletcher	Labour Party	Coventry North East			
Geoffrey Robinson	Labour Party	Coventry North West			
Jim Cunningham	Labour Party	Coventry South	http://www.jimcunningham.org.uk/		
Henry Smith	Conservative and Unionist Party	Crawley	http://www.henrysmith.info/		
Laura Smith	Labour Party	Crewe and Nantwich			
Sarah Jones	Labour Party	Croydon Central	http://www.sarah-jones.org/		
Steve Reed	Labour and Co-operative Party	Croydon North	http://www.steve4croydon.com	http://www.steve4croydon.com/feed/	
Chris Philp	Conservative and Unionist Party	Croydon South	http://www.chrisphilp.com/		
Stuart McDonald	Scottish National Party (SNP)	Cumbernauld, Kilsyth and Kirkintilloch East			
Ann Clwyd	Labour Party	Cynon Valley			
Jon Cruddas	Labour Party	Dagenham and Rainham	http://joncruddas.org.uk/	http://joncruddas.org.uk/rss.xml	
Jenny Chapman	Labour Party	Darlington	http://www.jennychapman.co.uk/		
Gareth Johnson	Conservative and Unionist Party	Dartford			
Chris Heaton-Harris	Conservative and Unionist Party	Daventry	http://www.heatonharris.com/		
David Hanson	Labour Party	Delyn	http://www.davidhanson.org.uk	http://www.davidhanson.org.uk/feed/	
Andrew Gwynne	Labour Party	Denton and Reddish	http://www.andrewgwynne.co.uk/	https://andrewgwynne.co.uk/feed/	
Chris Williamson	Labour Party	Derby North	http://www.chriswilliamson.org/		
Margaret Beckett	Labour Party	Derby South			
Patrick McLoughlin	Conservative and Unionist Party	Derbyshire Dales			
Claire Perry	Conservative and Unionist Party	Devizes			
Paula Sherriff	Labour Party	Dewsbury	http://www.paulasherriff.org.uk/		
Caroline Flint	Labour Party	Don Valley			
Rosie Winterton	Labour Party	Doncaster Central			
Ed Miliband	Labour Party	Doncaster North	http://www.edmiliband.org.uk/		
Charlie Elphicke	Conservative and Unionist Party	Dover	http://www.elphicke.com/		
Ian Austin	Labour Party	Dudley North			
Mike Wood	Conservative and Unionist Party	Dudley South	http://www.mike4dudleysouth.com/		
Helen Hayes	Labour Party	Dulwich and West Norwood	http://www.helenhayes.org.uk/		
Alister Jack	Conservative and Unionist Party	Dumfries and Galloway			
David Mundell	Conservative and Unionist Party	Dumfriesshire, Clydesdale and Tweeddale			
Stewart Hosie	Scottish National Party (SNP)	Dundee East	http://stewarthosie.com/	https://www.stewarthosie.com/feed.xml	
Chris Law	Scottish National Party (SNP)	Dundee West	http://www.chrislaw.scot/		
Douglas Chapman	Scottish National Party (SNP)	Dunfermline and West Fife			
Liz Saville Roberts	Plaid Cymru - The Party of Wales	Dwyfor Meirionnydd	https://www.lizsavilleroberts.org/	https://www.lizsavilleroberts.org/feed/	
Rupa Huq	Labour Party	Ealing Central and Acton	http://www.rupahuq.co.uk/		
Steve Pound	Labour Party	Ealing North	http://stevepound.org.uk/	http://www.stevepound.org.uk/feed/	
Virendra Sharma	Labour Party	Ealing, Southall	http://www.virendrasharma.com/		
Grahame Morris	Labour Party	Easington	http://www.grahamemorris.org.uk/	http://grahamemorris.org.uk/?feed=rss2	
Sammy Wilson	Democratic Unionist Party - D.U.P.	East Antrim	http://www.sammywilson.org/		
Hugo Swire	Conservative and Unionist Party	East Devon	http://www.hugoswire.org.uk/		
Jo Swinson	Liberal Democrats	East Dunbartonshire	http://www.joswinson.org.uk/		
Stephen Timms	Labour Party	East Ham	http://www.stephentimms.org.uk/		
Damian Hinds	Conservative and Unionist Party	East Hampshire	http://www.damianhinds.com/		
Lisa Cameron	Scottish National Party (SNP)	East Kilbride, Strathaven and Lesmahagow			
Gregory Campbell	Democratic Unionist Party - D.U.P.	East Londonderry			
Martin Whitfield	Labour Party	East Lothian			
Paul Masterton	Conservative and Unionist Party	East Renfrewshire			
Sam Gyimah	Conservative and Unionist Party	East Surrey	http://www.samgyimah.com/	http://www.samgyimah.com/feed/	
Tim Loughton	Conservative and Unionist Party	East Worthing and Shoreham			
Greg Knight	Conservative and Unionist Party	East Yorkshire	http://gregknight.com/	http://gregknight.com/feed/	
Stephen Lloyd	Liberal Democrats	Eastbourne	https://www.stephenlloyd.org.uk	https://www.stephenlloyd.org.uk/en/feed/atom1	
Mims Davies	Conservative and Unionist Party	Eastleigh			
Antoinette Sandbach	Conservative and Unionist Party	Eddisbury	http://www.antoinettesandbach.org.uk/		
Tommy Sheppard	Scottish National Party (SNP)	Edinburgh East	http://tommysheppardmp.scot/	http://tommysheppardmp.scot/index.php?format=feed&type=rss	
Deidre Brock	Scottish National Party (SNP)	Edinburgh North and Leith	http://www.edinburgh.gov.uk/councillors/44/deidre_brock	http://www.edinburgh.gov.uk/rss/news	
Ian Murray	Labour Party	Edinburgh South	http://www.ianmurraymp.co.uk/		
Joanna Cherry	Scottish National Party (SNP)	Edinburgh South West	http://www.facebook.com/edinSWsnp		
Christine Jardine	Liberal Democrats	Edinburgh West	http://www.christinejardine.com		
Kate Osamor	Labour and Co-operative Party	Edmonton	http://www.kateosamor.co.uk/		
Justin Madders	Labour Party	Ellesmere Port and Neston	http://www.justinmadders.com/		
Alec Shelbrooke	Conservative and Unionist Party	Elmet and Rothwell	http://www.alecshelbrooke.co.uk/	http://www.alecshelbrooke.co.uk/feed/	
Clive Efford	Labour Party	Eltham			
Joan Ryan	Labour Party	Enfield North	http://www.joanryan.org.uk/		
Bambos Charalambous	Labour Party	Enfield, Southgate			
Eleanor Laing	Conservative and Unionist Party	Epping Forest	http://www.eleanorlaing.com/	http://www.eleanorlaing.com/rss.xml	
Chris Grayling	Conservative and Unionist Party	Epsom and Ewell	http://chrisgrayling.net/	http://chrisgrayling.net/feed/	
Maggie Throup	Conservative and Unionist Party	Erewash	http://www.maggiethroup.com/		
Teresa Pearce	Labour Party	Erith and Thamesmead	http://teresapearce.org.uk/		
Dominic Raab	Conservative and Unionist Party	Esher and Walton	http://www.dominicraab.com/	http://dominicraab.com/feed/atom/	
Ben Bradshaw	Labour Party	Exeter	http://www.benbradshaw.co.uk/		
John McNally	Scottish National Party (SNP)	Falkirk			
Suella Fernandes	Conservative and Unionist Party	Fareham	http://www.suellafernandes.co.uk/		
Helen Whately	Conservative and Unionist Party	Faversham and Mid Kent	http://www.helenwhately.co.uk/		
Seema Malhotra	Labour and Co-operative Party	Feltham and Heston	http://www.seemamalhotra.com/		
Michelle Gildernew	Sinn Féin	Fermanagh and South Tyrone			
Jack Lopresti	Conservative and Unionist Party	Filton and Bradley Stoke	https://www.bsgconservatives.com/people/jack-lopresti-mp		
Mike Freer	Conservative and Unionist Party	Finchley and Golders Green	http://www.mikefreer.com/		
Damian Collins	Conservative and Unionist Party	Folkestone and Hythe	http://www.damiancollins.com/	http://damiancollins.com/feed/	
Mark Harper	Conservative and Unionist Party	Forest of Dean	http://www.markharper.org/		
Elisha McCallion	Sinn Féin	Foyle			
Mark Menzies	Conservative and Unionist Party	Fylde			
Edward Leigh	Conservative and Unionist Party	Gainsborough	http://www.gainsboroughconservatives.org.uk/		
Maria Eagle	Labour Party	Garston and Halewood			
Ian Mearns	Labour Party	Gateshead	http://www.ianmearns.org.uk/	http://www.ianmearns.org.uk/feed/	
Vernon Coaker	Labour Party	Gedling			
Rehman Chishti	Conservative and Unionist Party	Gillingham and Rainham	http://www.rehmanchishti.com/		
Alison Thewliss	Scottish National Party (SNP)	Glasgow Central	http://bellgrovebelle.blogspot.co.uk/	http://bellgrovebelle.blogspot.com/feeds/posts/default	
David Linden	Scottish National Party (SNP)	Glasgow East	http://www.davidlinden.scot/	http://www.davidlinden.scot/feed/	
Patrick Grady	Scottish National Party (SNP)	Glasgow North	http://www.patrickgrady.scot/	https://www.patrickgrady.scot/?format=feed&type=atom	
Paul Sweeney	Labour Party	Glasgow North East			
Carol Monaghan	Scottish National Party (SNP)	Glasgow North West			
Stewart McDonald	Scottish National Party (SNP)	Glasgow South	http://www.stewartmcdonald.scot/		
Chris Stephens	Scottish National Party (SNP)	Glasgow South West			
Peter Grant	Scottish National Party (SNP)	Glenrothes	http://www.petergrant.scot/		
Richard Graham	Conservative and Unionist Party	Gloucester			
Colin Clark	Conservative and Unionist Party	Gordon	http://www.colinclark.org.uk/		
Caroline Dinenage	Conservative and Unionist Party	Gosport	http://www.caroline4gosport.co.uk/		
Tonia Antoniazzi	Labour Party	Gower	http://www.tonia4gower.com		
Nicholas Boles	Conservative and Unionist Party	Grantham and Stamford	http://www.nickboles.co.uk/		
Adam Holloway	Conservative and Unionist Party	Gravesham	http://www.adamholloway.co.uk/		
Melanie Onn	Labour Party	Great Grimsby			
Brandon Lewis	Conservative and Unionist Party	Great Yarmouth	http://www.brandonlewis.co/	http://www.brandonlewis.co/feed/	
Matthew Pennycook	Labour Party	Greenwich and Woolwich	http://www.matthewpennycook.com/	https://www.matthewpennycook.com/feed/	
Anne Milton	Conservative and Unionist Party	Guildford			
Diane Abbott	Labour Party	Hackney North and Stoke Newington	http://www.dianeabbott.org.uk/		
Meg Hillier	Labour and Co-operative Party	Hackney South and Shoreditch	http://www.meghillier.com/	http://www.meghillier.com/rss/?section=news	
James Morris	Conservative and Unionist Party	Halesowen and Rowley Regis	http://www.votejamesmorris.com/		
Holly Walker-Lynch	Labour Party	Halifax			
David Davis	Conservative and Unionist Party	Haltemprice and Howden			
Derek Twigg	Labour Party	Halton			
Andrew Slaughter	Labour Party	Hammersmith	http://www.andyslaughter.co.uk/		
Tulip Siddiq	Labour Party	Hampstead and Kilburn	http://www.tulipsiddiq.com/	http://www.tulipsiddiq.com/feed/	
Neil O'Brien	Conservative and Unionist Party	Harborough			
Robert Halfon	Conservative and Unionist Party	Harlow	http://www.roberthalfon.com/	http://new.roberthalfon.com/feed/	
Andrew Jones	Conservative and Unionist Party	Harrogate and Knaresborough			
Bob Blackman	Conservative and Unionist Party	Harrow East	http://www.bobblackman.co.uk		
Gareth Thomas	Labour and Co-operative Party	Harrow West	http://www.gareththomas.org/		
Mike Hill	Labour Party	Hartlepool			
Bernard Jenkin	Conservative and Unionist Party	Harwich and North Essex	http://www.bernardjenkin.com/		
Amber Rudd	Conservative and Unionist Party	Hastings and Rye	https://www.amberrudd.co.uk/		
Alan Mak	Conservative and Unionist Party	Havant	http://www.alanmak.org.uk/		
John McDonnell	Labour Party	Hayes and Harlington	http://www.john-mcdonnell.net/		
William Wragg	Conservative and Unionist Party	Hazel Grove	http://www.williamwragg.org.uk/		
Mike Penning	Conservative and Unionist Party	Hemel Hempstead	http://www.mikepenning.com/	http://www.mikepenning.com/rss.xml	
Jon Trickett	Labour Party	Hemsworth	http://www.jontrickett.org.uk/		
Matthew Offord	Conservative and Unionist Party	Hendon	http://www.matthewofford.co.uk/		
John Howell	Conservative and Unionist Party	Henley	http://www.johnhowellmp.com/		
Jesse Norman	Conservative and Unionist Party	Hereford and South Herefordshire	http://www.jesse4hereford.com/	http://www.jesse4hereford.com/home.rss	
Mark Prisk	Conservative and Unionist Party	Hertford and Stortford	http://www.markprisk.com/		
Oliver Dowden	Conservative and Unionist Party	Hertsmere	http://www.oliverdowden.com/		
Guy Opperman	Conservative and Unionist Party	Hexham	http://www.guyopperman.co.uk/		
Liz McInnes	Labour Party	Heywood and Middleton	http://www.lizmcinnes.org.uk/	http://lizmcinnes.org.uk/feed/	
Ruth George	Labour Party	High Peak	http://ruthforhighpeak.co.uk	http://ruthforhighpeak.co.uk/feed/	
Bim Afolami	Conservative and Unionist Party	Hitchin and Harpenden	http://www.bimafolami.co.uk/		
Keir Starmer	Labour Party	Holborn and St Pancras	http://www.keirstarmer.com/		
Julia Dockerill	Conservative and Unionist Party	Hornchurch and Upminster			
Catherine West	Labour Party	Hornsey and Wood Green	http://www.catherinewest.org.uk/		
Jeremy Quin	Conservative and Unionist Party	Horsham	http://jeremyquin.com/		
Bridget Phillipson	Labour Party	Houghton and Sunderland South	http://www.bridgetphillipson.com/		
Peter Kyle	Labour Party	Hove	http://www.peterkyle.co.uk/		
Barry Sheerman	Labour and Co-operative Party	Huddersfield	http://www.barry4huddersfield.co.uk/	http://www.barry4huddersfield.co.uk/blog.rss	
Jonathan Djanogly	Conservative and Unionist Party	Huntingdon	http://www.jonathandjanogly.com/	http://www.jonathandjanogly.com/feed	
Graham Jones	Labour Party	Hyndburn	http://hhgrahamjones.blogspot.co.uk/	http://hhgrahamjones.blogspot.com/feeds/posts/default	
Wes Streeting	Labour Party	Ilford North	http://www.wesstreeting.org/		
Mike Gapes	Labour and Co-operative Party	Ilford South	http://www.mikegapes.org/		
Ronnie Cowan	Scottish National Party (SNP)	Inverclyde			
Drew Hendry	Scottish National Party (SNP)	Inverness, Nairn, Badenoch and Strathspey	http://www.drewhendrymp.scot/	http://www.drewhendrymp.scot/feed/	
Sandy Martin	Labour Party	Ipswich			
Bob Seely	Conservative and Unionist Party	Isle of Wight	http://www.bobseely.org.uk/		
Jeremy Corbyn	Labour Party	Islington North	http://www.jeremycorbyn.org.uk/		
Emily Thornberry	Labour Party	Islington South and Finsbury	http://www.emilythornberry.com/		
Chris Evans	Labour and Co-operative Party	Islwyn	https://www.chrisevansforislwyn.com		
Stephen Hepburn	Labour Party	Jarrow	http://www.stephenhepburnmp.org.uk/		
John Grogan	Labour Party	Keighley	http://johngrogan.org.uk/		
Jeremy Wright	Conservative and Unionist Party	Kenilworth and Southam	https://www.jeremywright.org.uk		
Emma Dent Coad	Labour Party	Kensington			
Philip Hollobone	Conservative and Unionist Party	Kettering			
Alan Brown	Scottish National Party (SNP)	Kilmarnock and Loudoun			
Edward Davey	Liberal Democrats	Kingston and Surbiton	http://www.voters4ed.org		
Karl Turner	Labour Party	Kingston upon Hull East	http://www.karlturnermp.org.uk/		
Diana Johnson	Labour Party	Kingston upon Hull North	http://www.dianajohnson.co.uk/	http://dianajohnson.co.uk/rss.xml	
Emma Hardy	Labour Party	Kingston upon Hull West and Hessle			
Chris Skidmore	Conservative and Unionist Party	Kingswood	http://chrisskidmore.com/		
Lesley Laird	Labour Party	Kirkcaldy and Cowdenbeath	http://www.lesleylaird.com/	http://www.lesleylaird.com/feed/	
George Howarth	Labour Party	Knowsley			
Jeffrey M. Donaldson	Democratic Unionist Party - D.U.P.	Lagan Valley	http://www.jeffreydonaldson.org/	http://www.jeffreydonaldson.org/blog/feed	
Angela Crawley	Scottish National Party (SNP)	Lanark and Hamilton East			
Cat Smith	Labour Party	Lancaster and Fleetwood	http://www.catsmith.co.uk/		
Hilary Benn	Labour Party	Leeds Central	http://www.hilarybenn.org/		
Richard Burgon	Labour Party	Leeds East	http://www.richardburgon.com/		
Fabian Hamilton	Labour Party	Leeds North East	http://www.leedsne.co.uk/		
Alex Sobel	Labour and Co-operative Party	Leeds North West	http://www.alexsobel.org/		
Rachel Reeves	Labour Party	Leeds West			
Keith Vaz	Labour Party	Leicester East	http://www.keithvazmp.com/	http://www.keithvaz.net/feed/	
Jon Ashworth	Labour and Co-operative Party	Leicester South	http://www.jonashworth.org/		
Liz Kendall	Labour Party	Leicester West	http://www.lizkendall.org/	https://www.lizkendall.org/feed/atom/	
Jo Platt	Labour and Co-operative Party	Leigh	http://www.joplatt.me/	http://www.joplatt.me/index.php?format=feed&type=atom	
Maria Caulfield	Conservative and Unionist Party	Lewes	http://www.mariacaulfield.co.uk/		
Heidi Alexander	Labour Party	Lewisham East	http://www.heidialexander.org.uk/		
Ellie Reeves	Labour Party	Lewisham West and Penge	http://www.elliereeves.org.uk/		
Vicky Foxcroft	Labour Party	Lewisham, Deptford	http://www.vickyfoxcroft.org.uk/	http://www.vickyfoxcroft.org.uk/news.rss	
John Cryer	Labour Party	Leyton and Wanstead	http://www.johncryermp.co.uk/		
Michael Fabricant	Conservative and Unionist Party	Lichfield	http://www.michael.fabricant.mp.co.uk/		
Karen Lee	Labour Party	Lincoln			
Martyn Day	Scottish National Party (SNP)	Linlithgow and East Falkirk	http://www.martynday.scot/		
Louise Ellman	Labour and Co-operative Party	Liverpool, Riverside	http://louiseellman.co.uk/		
Dan Carden	Labour Party	Liverpool, Walton	http://www.dancarden4walton.org/		
Luciana Berger	Labour and Co-operative Party	Liverpool, Wavertree	http://www.lucianaberger.com/	http://www.lucianaberger.com/feed/	
Stephen Twigg	Labour and Co-operative Party	Liverpool, West Derby	https://www.stephentwiggmp.co.uk/		
Hannah Bardell	Scottish National Party (SNP)	Livingston			
Nia Griffith	Labour Party	Llanelli	http://niagriffith.org.uk/	http://niagriffith.org.uk/feed/	
Nicky Morgan	Conservative and Unionist Party	Loughborough	http://www.nickymorgan.org/		
Victoria Atkins	Conservative and Unionist Party	Louth and Horncastle	http://www.victoriaatkins.org.uk/		
Philip Dunne	Conservative and Unionist Party	Ludlow	http://www.philipdunne.com/	http://www.philipdunne.com/rss.xml	
Kelvin Hopkins	Labour Party	Luton North			
Gavin Shuker	Labour and Co-operative Party	Luton South	http://www.GavinShuker.org/		
David Rutley	Conservative and Unionist Party	Macclesfield	https://www.davidrutley.org.uk/		
Theresa May	Conservative and Unionist Party	Maidenhead	http://www.tmay.co.uk		
Helen Grant	Conservative and Unionist Party	Maidstone and The Weald			
Yvonne Fovargue	Labour Party	Makerfield	http://yvonnefovargue.blogspot.co.uk/	http://yvonnefovargue.blogspot.com/feeds/posts/default	
John Whittingdale	Conservative and Unionist Party	Maldon			
Lucy Powell	Labour and Co-operative Party	Manchester Central	http://www.lucypowell.org.uk/		
Afzal Khan	Labour Party	Manchester, Gorton	http://www.labournorthwest.org.uk/afzal_khan		
Jeff Smith	Labour Party	Manchester, Withington	http://www.jeffsmith.org.uk/	http://www.jeffsmith.org.uk/issues.rss	
Ben Bradley	Conservative and Unionist Party	Mansfield	https://www.benbradleyformansfield.com/	https://www.benbradleyformansfield.com/feed.xml	
George Hollingbery	Conservative and Unionist Party	Meon Valley	http://www.georgehollingbery.com/		
Caroline Spelman	Conservative and Unionist Party	Meriden			
Gerald Jones	Labour Party	Merthyr Tydfil and Rhymney			
Nadine Dorries	Conservative and Unionist Party	Mid Bedfordshire	http://blog.dorries.org/	http://blog.dorries.org/rss.xml	
Pauline Latham	Conservative and Unionist Party	Mid Derbyshire			
Michael Tomlinson	Conservative and Unionist Party	Mid Dorset and North Poole			
George Freeman	Conservative and Unionist Party	Mid Norfolk	http://www.georgefreeman.co.uk/	http://www.georgefreeman.co.uk/rss.xml	
Nicholas Soames	Conservative and Unionist Party	Mid Sussex	http://www.nicholassoames.org.uk/		
Francie Molloy	Sinn Féin	Mid Ulster	http://www.franciemolloy.ie/		
Nigel Huddleston	Conservative and Unionist Party	Mid Worcestershire	http://www.nigelhuddleston.com/		
Andy McDonald	Labour Party	Middlesbrough	http://www.andymcdonaldmp.org/		
Simon Clarke	Conservative and Unionist Party	Middlesbrough South and East Cleveland	http://www.simon-clarke.org.uk/		
Danielle Rowley	Labour Party	Midlothian			
Mark Lancaster	Conservative and Unionist Party	Milton Keynes North	http://lancaster4mk.org/	http://lancaster4mk.org/home/rss	
Iain Stewart	Conservative and Unionist Party	Milton Keynes South			
Siobhain McDonagh	Labour Party	Mitcham and Morden	http://www.siobhainmcdonagh.org.uk/		
Paul Beresford	Conservative and Unionist Party	Mole Valley			
David Davies	Conservative and Unionist Party	Monmouth	http://www.david-davies.org.uk/		
Glyn Davies	Conservative and Unionist Party	Montgomeryshire	http://www.glyn-davies.co.uk/		
Douglas Ross	Conservative and Unionist Party	Moray			
David Morris	Conservative and Unionist Party	Morecambe and Lunesdale			
Andrea Jenkyns	Conservative and Unionist Party	Morley and Outwood	http://www.andreajenkyns.co.uk/		
Marion Fellows	Scottish National Party (SNP)	Motherwell and Wishaw			
Angus MacNeil	Scottish National Party (SNP)	Na h-Eileanan an Iar	https://angusmacneilsnp.com/	https://angusmacneilsnp.com/feed/	
Christina Rees	Labour and Co-operative Party	Neath	http://www.christinarees.org/	http://www.christinarees.org/feed/	
Julian Lewis	Conservative and Unionist Party	New Forest East	http://www.julianlewis.net/		
Desmond Swayne	Conservative and Unionist Party	New Forest West			
Robert Jenrick	Conservative and Unionist Party	Newark	http://www.robertjenrick.com/	http://www.robertjenrick.com/feed/	
Richard Benyon	Conservative and Unionist Party	Newbury	http://www.richardbenyon.com/	http://richardbenyon.com/feed/	
Chi Onwurah	Labour Party	Newcastle upon Tyne Central	http://chionwurahmp.com/	http://chionwurahmp.com/feed/	
Nick Brown	Labour Party	Newcastle upon Tyne East	http://www.nickbrownmp.com/	http://www.nickbrownmp.com/feed/atom	
Catherine McKinnell	Labour Party	Newcastle upon Tyne North	http://www.catherinemckinnell.co.uk/	https://www.catherinemckinnellmp.co.uk/feed/	
Paul Farrelly	Labour Party	Newcastle-under-Lyme	http://www.paulfarrelly.com		
Jessica Morden	Labour Party	Newport East	http://www.jessicamorden.com		
Paul Flynn	Labour Party	Newport West	http://www.paulflynnmp.co.uk		
Mickey Brady	Sinn Féin	Newry and Armagh			
Anne Marie Morris	Conservative and Unionist Party	Newton Abbot	http://www.annemariemorris.co.uk/		
Yvette Cooper	Labour Party	Normanton, Pontefract and Castleford	http://www.yvettecooper.com/		
Ian Paisley Jnr	Democratic Unionist Party - D.U.P.	North Antrim	http://www.ianpaisleymp.co.uk/	http://www.ianpaisleymp.co.uk/feed/	
Patricia Gibson	Scottish National Party (SNP)	North Ayrshire and Arran			
Scott Mann	Conservative and Unionist Party	North Cornwall			
Peter Heaton-Jones	Conservative and Unionist Party	North Devon	http://www.peterheatonjones.org.uk/		
Simon Hoare	Conservative and Unionist Party	North Dorset	http://www.ndca.org.uk/		
Sylvia Hermon	Independent	North Down			
Kevan Jones	Labour Party	North Durham	http://www.kevanjonesmp.org.uk/	http://kevanjonesmp.org.uk/./rss.xml	
Alistair Burt	Conservative and Unionist Party	North East Bedfordshire	http://www.alistair-burt.co.uk/	http://www.alistair-burt.co.uk/index.php?format=feed&type=atom	
Stephen Barclay	Conservative and Unionist Party	North East Cambridgeshire			
Lee Benjamin Rowley	Conservative and Unionist Party	North East Derbyshire			
Stephen Gethins	Scottish National Party (SNP)	North East Fife			
Ranil Jayawardena	Conservative and Unionist Party	North East Hampshire	http://www.tellranil.com/		
Oliver Heald	Conservative and Unionist Party	North East Hertfordshire	http://www.oliverhealdmp.com/		
Jacob Rees-Mogg	Conservative and Unionist Party	North East Somerset	http://www.jacobreesmogg.com/	http://www.jacobreesmogg.com/feed/	
Bill Wiggin	Conservative and Unionist Party	North Herefordshire	http://www.billwiggin.com/	https://billwiggin.wordpress.com/feed/	
Norman Lamb	Liberal Democrats	North Norfolk	https://normanlamb.org.uk/		
Owen Paterson	Conservative and Unionist Party	North Shropshire			
Liam Fox	Conservative and Unionist Party	North Somerset	http://www.liamfox.co.uk/		
Justin Tomlinson	Conservative and Unionist Party	North Swindon			
Roger Gale	Conservative and Unionist Party	North Thanet	http://rogergale.com/		
Mary Glindon	Labour Party	North Tyneside	http://www.maryglindonmp.co.uk/		
Craig Tracey	Conservative and Unionist Party	North Warwickshire	http://www.craigtracey.co.uk/		
Shailesh Vara	Conservative and Unionist Party	North West Cambridgeshire			
Laura Pidcock	Labour Party	North West Durham			
Kit Malthouse	Conservative and Unionist Party	North West Hampshire	http://www.kitmalthouse.com/	http://kitmalthouse.com/feed/	
Andrew Bridgen	Conservative and Unionist Party	North West Leicestershire			
Henry Bellingham	Conservative and Unionist Party	North West Norfolk			
James Gray	Conservative and Unionist Party	North Wiltshire	http://www.jamesgray.org/		
Michael Ellis	Conservative and Unionist Party	Northampton North			
Andrew Lewer	Conservative and Unionist Party	Northampton South	https://www.andrewlewermep.co.uk/		
Chloe Smith	Conservative and Unionist Party	Norwich North	http://chloesmith.org.uk/		
Clive Lewis	Labour Party	Norwich South	http://www.clivelewis.org/		
Chris Leslie	Labour and Co-operative Party	Nottingham East	http://www.chrisleslie.org/	http://www.chrisleslie.org/feed/	
Alex Norris	Labour and Co-operative Party	Nottingham North	http://www.nottinghamlabour.org.uk	http://nottinghamlabour.org.uk/feed/	
Lilian Greenwood	Labour Party	Nottingham South	http://liliangreenwood.co.uk/		
Marcus Jones	Conservative and Unionist Party	Nuneaton	http://www.marcusjones.org.uk/		
Luke Graham	Conservative and Unionist Party	Ochil and South Perthshire	http://www.perthshireconservatives.org.uk/person/luke-graham		
Chris Elmore	Labour Party	Ogmore			
James Brokenshire	Conservative and Unionist Party	Old Bexley and Sidcup			
Debbie Abrahams	Labour Party	Oldham East and Saddleworth	http://www.debbieabrahams.org.uk/	http://www.debbieabrahams.org.uk/feed	
Jim McMahon	Labour and Co-operative Party	Oldham West and Royton	http://vote.labour.org.uk/jim-mcmahon		
Alistair Carmichael	Liberal Democrats	Orkney and Shetland	http://www.alistaircarmichael.co.uk/		
Jo Johnson	Conservative and Unionist Party	Orpington	http://www.jo-johnson.com/		
Anneliese Dodds	Labour and Co-operative Party	Oxford East	http://www.anneliesedoddsmep.uk/		
Layla Moran	Liberal Democrats	Oxford West and Abingdon	http://www.laylamoran.com/		
Gavin Newlands	Scottish National Party (SNP)	Paisley and Renfrewshire North	http://www.votenewlands.com/		
Mhairi Black	Scottish National Party (SNP)	Paisley and Renfrewshire South	http://www.mhairiblack.scot	https://mhairiblack.wordpress.com/feed/	
Andrew Stephenson	Conservative and Unionist Party	Pendle			
Angela Christine Smith	Labour Party	Penistone and Stocksbridge	http://www.angelasmith-mp.org.uk/		
Rory Stewart	Conservative and Unionist Party	Penrith and The Border	http://www.rorystewart.co.uk/		
Pete Wishart	Scottish National Party (SNP)	Perth and North Perthshire	http://www.petewishartmp.com/	http://www.petewishartmp.com/home/feed/	
Fiona Onasanya	Labour Party	Peterborough			
Johnny Mercer	Conservative and Unionist Party	Plymouth, Moor View	http://johnnyforplymouth.com/		
Luke Pollard	Labour and Co-operative Party	Plymouth, Sutton and Devonport	http://www.lukepollard.org/		
Owen Smith	Labour Party	Pontypridd	http://www.owensmithmp.com		
Robert Syms	Conservative and Unionist Party	Poole			
Jim Fitzpatrick	Labour Party	Poplar and Limehouse	http://www.jimfitzpatrickmp.org/		
Penny Mordaunt	Conservative and Unionist Party	Portsmouth North	http://www.pennymordaunt.com/	http://www.pennymordaunt.com/feed.xml	
Stephen Morgan	Labour Party	Portsmouth South	https://stephenjmorgan.org	https://stephenjmorgan.org/feed/	
Stephen Crabb	Conservative and Unionist Party	Preseli Pembrokeshire	https://www.stephencrabb.com/		
Mark Hendrick	Labour and Co-operative Party	Preston	http://www.prestonmp.co.uk/		
Stuart Andrew	Conservative and Unionist Party	Pudsey	http://www.stuartandrew.com/		
Justine Greening	Conservative and Unionist Party	Putney			
Mark Francois	Conservative and Unionist Party	Rayleigh and Wickford	http://www.markfrancois.com/		
Matt Rodda	Labour Party	Reading East	http://www.mattrodda.net/		
Alok Sharma	Conservative and Unionist Party	Reading West			
Anna Turley	Labour and Co-operative Party	Redcar	http://www.anna4redcar.org.uk/		
Rachel Maclean	Conservative and Unionist Party	Redditch	http://www.rachelmaclean.co.uk/		
Crispin Blunt	Conservative and Unionist Party	Reigate			
Chris Bryant	Labour Party	Rhondda	http://www.chrisbryantmp.org.uk/	http://www.chrisbryantmp.org.uk/feed/	
Nigel Evans	Conservative and Unionist Party	Ribble Valley	https://www.nigel-evans.org.uk/		
Rishi Sunak	Conservative and Unionist Party	Richmond (Yorks)	http://www.rishisunak.com/		
Zac Goldsmith	Conservative and Unionist Party	Richmond Park	http://www.zacgoldsmith.com/		
Tony Lloyd	Labour Party	Rochdale			
Kelly Tolhurst	Conservative and Unionist Party	Rochester and Strood	http://www.kelly4rochesterandstrood.com/		
James Duddridge	Conservative and Unionist Party	Rochford and Southend East	http://www.jamesduddridge.com/		
Andrew Rosindell	Conservative and Unionist Party	Romford			
Caroline Nokes	Conservative and Unionist Party	Romsey and Southampton North	http://www.carolinenokes.com/	http://carolinenokes.com/feed/	
Ian Blackford	Scottish National Party (SNP)	Ross, Skye and Lochaber	http://ianblackford.com/	http://ianblackford.com/blog/feeds/atom/	
Jake Berry	Conservative and Unionist Party	Rossendale and Darwen	http://www.jakeberry.org/		
Kevin Barron	Labour Party	Rother Valley	http://www.kevinbarronmp.com/		
Sarah Champion	Labour Party	Rotherham	http://www.sarahchampionmp.com/	http://www.sarahchampionmp.com/feed/	
Mark Pawsey	Conservative and Unionist Party	Rugby	http://www.markpawsey.org.uk/		
Nick Hurd	Conservative and Unionist Party	Ruislip, Northwood and Pinner			
Philip Hammond	Conservative and Unionist Party	Runnymede and Weybridge	http://www.runnymedeweybridgeconservatives.com/		
Kenneth Clarke	Conservative and Unionist Party	Rushcliffe			
Gerard Killen	Labour and Co-operative Party	Rutherglen and Hamilton West			
Alan Duncan	Conservative and Unionist Party	Rutland and Melton	http://www.alanduncan.org.uk/	http://www.alanduncan.org.uk/articles/rss	
Kemi Badenoch	Conservative and Unionist Party	Saffron Walden	http://kemibadenoch.org.uk/	http://kemibadenoch.org.uk/feed/	
Rebecca Long Bailey	Labour Party	Salford and Eccles	http://www.rebeccalongbailey.com/		
John Glen	Conservative and Unionist Party	Salisbury	http://votejohnglen.com/		
Robert Goodwill	Conservative and Unionist Party	Scarborough and Whitby	http://www.robertgoodwill.co.uk/		
Nicholas Dakin	Labour Party	Scunthorpe			
Phil Wilson	Labour Party	Sedgefield	http://www.philwilson-labour.co.uk/		
Bill Esterson	Labour Party	Sefton Central			
Nigel Adams	Conservative and Unionist Party	Selby and Ainsty			
Michael Fallon	Conservative and Unionist Party	Sevenoaks			
Paul Blomfield	Labour Party	Sheffield Central	http://www.paulblomfield.co.uk/		
Clive Betts	Labour Party	Sheffield South East	http://www.clivebetts.com/		
Gill Furniss	Labour Party	Sheffield, Brightside and Hillsborough	http://www.gillfurniss.com/		
Jared Cain O'Mara	Labour Party	Sheffield, Hallam			
Louise Haigh	Labour Party	Sheffield, Heeley	http://www.louisehaigh.org.uk/	http://www.louisehaigh.org.uk/blog/feeds/atom/	
Mark Spencer	Conservative and Unionist Party	Sherwood	http://www.markspencermp.co.uk/	https://www.markspencermp.co.uk/feed.xml	
Philip Davies	Conservative and Unionist Party	Shipley	http://shipleyconservatives.org.uk/		
Daniel Kawczynski	Conservative and Unionist Party	Shrewsbury and Atcham	http://www.daniel4shrewsbury.co.uk/		
Gordon Henderson	Conservative and Unionist Party	Sittingbourne and Sheppey	http://www.vote4gordonhenderson.com/		
Julian Smith	Conservative and Unionist Party	Skipton and Ripon			
Caroline Johnson	Conservative and Unionist Party	Sleaford and North Hykeham	https://www.carolinejohnson.co.uk/		
Tanmanjit Singh Dhesi	Labour Party	Slough	http://www.tsdhesi.com		
Julian Knight	Conservative and Unionist Party	Solihull	http://www.julianknight.org.uk/		
David Warburton	Conservative and Unionist Party	Somerton and Frome	http://davidwarburton.org/		
Paul Girvan	Democratic Unionist Party - D.U.P.	South Antrim			
Stephen Metcalfe	Conservative and Unionist Party	South Basildon and East Thurrock	http://stephenmetcalfemp.com/	http://stephenmetcalfe.blogspot.com/feeds/posts/default	
Heidi Allen	Conservative and Unionist Party	South Cambridgeshire	http://www.heidisouthcambs.co.uk/		
Heather Wheeler	Conservative and Unionist Party	South Derbyshire	http://www.heatherwheeler.org.uk/		
Richard Drax	Conservative and Unionist Party	South Dorset	http://www.richarddrax.com/		
Chris Hazzard	Sinn Féin	South Down	http://chrishazzardsf.com/		
Lucy Frazer	Conservative and Unionist Party	South East Cambridgeshire	http://www.lucyfrazer.org.uk/		
Sheryll Murray	Conservative and Unionist Party	South East Cornwall	http://www.sheryllmurray.com/		
John Hayes	Conservative and Unionist Party	South Holland and The Deepings			
Alberto Costa	Conservative and Unionist Party	South Leicestershire	https://www.albertocosta.org.uk/		
Richard Bacon	Conservative and Unionist Party	South Norfolk	http://www.richardbacon.org.uk/		
Andrea Leadsom	Conservative and Unionist Party	South Northamptonshire	http://www.andrealeadsom.com/		
Seema Kennedy	Conservative and Unionist Party	South Ribble	https://www.seemakennedy.co.uk/		
Emma Lewell-Buck	Labour Party	South Shields	http://www.emma-lewell-buck.net/	http://www.emma-lewell-buck.net/feed/	
Gavin Williamson	Conservative and Unionist Party	South Staffordshire	http://www.gavinwilliamson.org/		
James Cartlidge	Conservative and Unionist Party	South Suffolk	https://www.jamescartlidge.com/		
Robert Buckland	Conservative and Unionist Party	South Swindon	http://www.robertbuckland.co.uk/		
Craig Mackinlay	Conservative and Unionist Party	South Thanet	http://www.craigmackinlay.com/		
Andrew Selous	Conservative and Unionist Party	South West Bedfordshire	http://www.andrewselous.org.uk/		
Gary Streeter	Conservative and Unionist Party	South West Devon			
David Gauke	Conservative and Unionist Party	South West Hertfordshire	http://www.davidgauke.com/		
Elizabeth Truss	Conservative and Unionist Party	South West Norfolk	http://www.elizabethtruss.com/		
Jeremy Hunt	Conservative and Unionist Party	South West Surrey			
Andrew Murrison	Conservative and Unionist Party	South West Wiltshire			
Royston Smith	Conservative and Unionist Party	Southampton, Itchen	http://www.roystonsmith.co.uk/	https://www.roystonsmith.co.uk/feed/	
Alan Whitehead	Labour Party	Southampton, Test	http://www.alan-whitehead.org.uk/		
David Amess	Conservative and Unionist Party	Southend West	https://www.davidamess.co.uk/		
Damien Moore	Conservative and Unionist Party	Southport			
Kwasi Kwarteng	Conservative and Unionist Party	Spelthorne			
Anne Main	Conservative and Unionist Party	St Albans	http://www.stalbansconservatives.com/		
Steve Double	Conservative and Unionist Party	St Austell and Newquay	http://www.stevedouble.org.uk/		
Conor McGinn	Labour Party	St Helens North	http://www.conormcginn.co.uk/	http://www.conormcginn.co.uk/feed/	
Marie Rimmer	Labour Party	St Helens South and Whiston	http://www.marierimmer.org.uk/		
Derek Thomas	Conservative and Unionist Party	St Ives	http://derekthomas.org/	http://derekthomas.org/feed/	
Jeremy Lefroy	Conservative and Unionist Party	Stafford	http://www.jeremylefroy.org.uk/		
Karen Bradley	Conservative and Unionist Party	Staffordshire Moorlands	http://www.karenbradley.co.uk/		
Jonathan Reynolds	Labour and Co-operative Party	Stalybridge and Hyde	http://www.jonathanreynolds.org.uk/	http://www.jonathanreynolds.org.uk/blog.rss	
Stephen McPartland	Conservative and Unionist Party	Stevenage	http://www.stephenmcpartland.co.uk/	http://www.stephen-mcpartland.com/?format=feed&type=atom	
Stephen Kerr	Conservative and Unionist Party	Stirling	http://www.kerrforstirling.co.uk/		
Ann Coffey	Labour Party	Stockport	http://anncoffeymp.com/	http://anncoffeymp.com/home/feed/	
Alex Cunningham	Labour Party	Stockton North	http://www.alexcunninghammp.com/	https://www.alexcunninghammp.com/feed/atom	
Paul Daniel Williams	Labour Party	Stockton South			
Gareth Snell	Labour and Co-operative Party	Stoke-on-Trent Central	http://www.garethsnell.org.uk/		
Ruth Smeeth	Labour Party	Stoke-on-Trent North	http://www.ruthsmeeth.org.uk/		
Jack Brereton	Conservative and Unionist Party	Stoke-on-Trent South	http://www.jackbrereton.co.uk/		
Bill Cash	Conservative and Unionist Party	Stone	http://www.billcashmp.co.uk/	http://www.billcashmp.co.uk/index.php?format=feed&type=atom	
Margot James	Conservative and Unionist Party	Stourbridge			
Jim Shannon	Democratic Unionist Party - D.U.P.	Strangford			
Nadhim Zahawi	Conservative and Unionist Party	Stratford-on-Avon	http://www.zahawi.com/		
Chuka Umunna	Labour Party	Streatham	http://www.chuka.org.uk		
Kate Green	Labour Party	Stretford and Urmston	http://www.kategreen.org/		
David Drew	Labour and Co-operative Party	Stroud	http://www.stroudlabour.org.uk/		
Therese Coffey	Conservative and Unionist Party	Suffolk Coastal	http://theresecoffey.co.uk/		
Julie Elliott	Labour Party	Sunderland Central	http://julie4sunderland.co.uk/		
Michael Gove	Conservative and Unionist Party	Surrey Heath			
Andrew Mitchell	Conservative and Unionist Party	Sutton Coldfield			
Paul Scully	Conservative and Unionist Party	Sutton and Cheam	http://www.scully.org.uk/	http://www.scully.org.uk/feed/	
Carolyn Harris	Labour Party	Swansea East	http://carolynharris4swanseaeast.co.uk	http://carolynharris4swanseaeast.co.uk/feed	
Geraint Davies	Labour and Co-operative Party	Swansea West	http://www.geraintdavies.org.uk/	http://www.geraintdavies.org.uk/news.rss	
Christopher Pincher	Conservative and Unionist Party	Tamworth			
Esther Louise McVey	Conservative and Unionist Party	Tatton			
Rebecca Pow	Conservative and Unionist Party	Taunton Deane	http://www.rebeccapow.org.uk/		
Lucy Allan	Conservative and Unionist Party	Telford	http://www.lucyallan.com/		
Laurence Robertson	Conservative and Unionist Party	Tewkesbury			
Geoffrey Clifton-Brown	Conservative and Unionist Party	The Cotswolds	http://www.cliftonbrown.co.uk/	http://www.cliftonbrown.co.uk/rss.xml	
Mark Pritchard	Conservative and Unionist Party	The Wrekin	http://www.markpritchard.com/	http://www.markpritchard.com/rss.xml	
Kevin Paul Hollinrake	Conservative and Unionist Party	Thirsk and Malton	http://www.kevinhollinrake.org.uk/		
Luke Hall	Conservative and Unionist Party	Thornbury and Yate	http://www.lukehall.org.uk/		
Jackie Doyle-Price	Conservative and Unionist Party	Thurrock	http://www.jackiedoyleprice.com/		
Neil Parish	Conservative and Unionist Party	Tiverton and Honiton	http://www.neilparish.co.uk/		
Thomas Tugendhat	Conservative and Unionist Party	Tonbridge and Malling	http://www.tomtugendhat.org.uk/		
Rosena Allin-Khan	Labour Party	Tooting	http://www.drrosena.co.uk/		
Kevin Foster	Conservative and Unionist Party	Torbay			
Nick Thomas-Symonds	Labour Party	Torfaen	http://nickthomassymonds.com/		
Geoffrey Cox	Conservative and Unionist Party	Torridge and West Devon	http://www.geoffreycox.co.uk/		
Sarah Wollaston	Conservative and Unionist Party	Totnes	http://www.drsarah.org.uk/		
David Lammy	Labour Party	Tottenham	http://labourclp183.nationbuilder.com/		
Sarah Newton	Conservative and Unionist Party	Truro and Falmouth			
Greg Clark	Conservative and Unionist Party	Tunbridge Wells	http://gregclark.co.uk/		
Vincent Cable	Liberal Democrats	Twickenham	http://www.vincecable.org.uk/		
Alan Campbell	Labour Party	Tynemouth	http://www.alancampbellmp.co.uk/		
David Simpson	Democratic Unionist Party - D.U.P.	Upper Bann			
Boris Johnson	Conservative and Unionist Party	Uxbridge and South Ruislip			
Chris Ruane	Labour Party	Vale of Clwyd			
Alun Cairns	Conservative and Unionist Party	Vale of Glamorgan	https://www.aluncairns.com		
Kate Hoey	Labour Party	Vauxhall	http://www.katehoey.com/		
Mary Creagh	Labour Party	Wakefield	http://www.marycreagh.com/		
Angela Eagle	Labour Party	Wallasey	http://www.angelaeaglemp.co.uk/	http://www.angelaeaglemp.co.uk/feed/	
Eddie Hughes	Conservative and Unionist Party	Walsall North	http://www.eddiehughes.co.uk		
Valerie Vaz	Labour Party	Walsall South			
Stella Creasy	Labour and Co-operative Party	Walthamstow	http://www.workingforwalthamstow.org.uk/		
Ian Lavery	Labour Party	Wansbeck	http://www.ianlavery.org.uk/		
Ed Vaizey	Conservative and Unionist Party	Wantage	http://www.vaizey.com/		
John Spellar	Labour Party	Warley	http://www.johnspellar.org.uk/		
Helen Jones	Labour Party	Warrington North			
Faisal Rashid	Labour Party	Warrington South			
Matt Western	Labour Party	Warwick and Leamington			
Sharon Hodgson	Labour Party	Washington and Sunderland West	http://www.sharonhodgson.org/		
Richard Harrington	Conservative and Unionist Party	Watford			
Peter Aldous	Conservative and Unionist Party	Waveney	http://www.peteraldous.com/		
Nusrat Ghani	Conservative and Unionist Party	Wealden			
Mike Amesbury	Labour Party	Weaver Vale	http://www.mikeamesbury.org/		
Peter Bone	Conservative and Unionist Party	Wellingborough	https://wellingboroughconservatives.org		
James Heappey	Conservative and Unionist Party	Wells	http://www.jamesheappey.org.uk/		
Grant Shapps	Conservative and Unionist Party	Welwyn Hatfield	http://www.shapps.com/	http://www.shapps.com/feed/	
John Healey	Labour Party	Wentworth and Dearne	http://www.johnhealey.net/	http://www.johnhealey.net/feeds/posts/default	
Andrew Bowie	Conservative and Unionist Party	West Aberdeenshire and Kincardine			
Tom Watson	Labour Party	West Bromwich East			
Adrian Bailey	Labour and Co-operative Party	West Bromwich West	https://adrianbaileymp.wordpress.com/home/	https://adrianbaileymp.wordpress.com/feed/	
Oliver Letwin	Conservative and Unionist Party	West Dorset	https://www.oliverletwinmp.com/		
Martin Docherty	Scottish National Party (SNP)	West Dunbartonshire	http://www.martindocherty.scot	http://martindocherty.scot/feed/	
Lyn Brown	Labour Party	West Ham	http://www.lynbrown.org.uk/		
Rosie Cooper	Labour Party	West Lancashire	http://www.rosiecooper.net		
Matthew Hancock	Conservative and Unionist Party	West Suffolk			
Barry McElduff	Sinn Féin	West Tyrone			
Harriett Baldwin	Conservative and Unionist Party	West Worcestershire	http://www.harriettbaldwin.com/	http://www.harriettbaldwin.com/feed	
Karen Buck	Labour Party	Westminster North	http://www.karenbuck.org.uk/		
Tim Farron	Liberal Democrats	Westmorland and Lonsdale	http://timfarron.co.uk/	http://timfarron.co.uk/en/feed/atom1	
John Penrose	Conservative and Unionist Party	Weston-Super-Mare	http://johnpenrose.org/	http://johnpenrose.org/wp/feed/atom/	http://johnpenrose.org/wp/home/feed/
Lisa Nandy	Labour Party	Wigan	http://www.lisanandy.co.uk/	http://www.lisanandy.co.uk/feed/	
Stephen Hammond	Conservative and Unionist Party	Wimbledon	http://stephenhammond.co.uk/		
Steve Brine	Conservative and Unionist Party	Winchester	http://www.stevebrine.com/		
Adam Afriyie	Conservative and Unionist Party	Windsor	http://adamafriyie.org/	http://adamafriyie.org/index.php/feed/	
Alison McGovern	Labour Party	Wirral South	http://www.alisonmcgovern.org.uk/		
Margaret Greenwood	Labour Party	Wirral West			
Priti Patel	Conservative and Unionist Party	Witham			
Robert Alexander Courts	Conservative and Unionist Party	Witney	http://www.robertcourts.co.uk/		
Jonathan Lord	Conservative and Unionist Party	Woking	http://www.jonathanlord.co.uk/		
John Redwood	Conservative and Unionist Party	Wokingham	http://johnredwoodsdiary.com/	http://johnredwoodsdiary.com/feed/	
Emma Reynolds	Labour Party	Wolverhampton North East	http://www.emmareynolds.org.uk/	http://www.emmareynolds.org.uk/feed	
Pat McFadden	Labour Party	Wolverhampton South East	http://www.patmcfadden.com/		
Eleanor Smith	Labour Party	Wolverhampton South West	http://www.eleanor4wolves.net/		
Robin Walker	Conservative and Unionist Party	Worcester	http://www.walker4worcester.com/	http://www.walker4worcester.com/feed/atom/	
Sue Hayman	Labour Party	Workington			
Barbara Keeley	Labour Party	Worsley and Eccles South	http://www.barbarakeeley.co.uk/		
Peter Bottomley	Conservative and Unionist Party	Worthing West	https://www.sirpeterbottomley.com/		
Ian Lucas	Labour Party	Wrexham	http://www.ianlucas.co.uk/		
Steven Baker	Conservative and Unionist Party	Wycombe	http://www.stevebaker.info/	http://www.stevebaker.info/feed/	
Mark Robert Timothy Garnier	Conservative and Unionist Party	Wyre Forest	http://www.markgarnier.co.uk/		
Ben Wallace	Conservative and Unionist Party	Wyre and Preston North	http://www.benwallacemp.com/		
Mike Kane	Labour Party	Wythenshawe and Sale East	http://www.mikekane.org		
Marcus Fysh	Conservative and Unionist Party	Yeovil	https://www.marcusfysh.org.uk/		
Albert Owen	Labour Party	Ynys Môn	http://www.albertowenmp.org/		
Rachael Maskell	Labour and Co-operative Party	York Central	http://www.voterachaelmaskell.com/		
Julian Sturdy	Conservative and Unionist Party	York Outer			
